"","RMSE","MAE","MAPE","MASE",""
"","RMSE","MAE","MAPE","MASE","WineMakerLoss"
"RF_100_2_5","0.509321582066118","0.386847916666667","7.3001691468254","0.606820261437908","72.6790858134921"
"RF_100_2_10","0.517372525064136","0.39642435515873","7.47794677845096","0.621842125739185","74.9855119342876"
"RF_100_2_15","0.522261365374473","0.401840027940809","7.57744744343991","0.630337298730681","74.9491318615247"
"RF_100_2_20","0.530645792357064","0.414346071321636","7.80292017723364","0.649954621680998","75.5163131469303"
"RF_100_3_5","0.509080376024722","0.382400520833333","7.20515959821428","0.599843954248366","69.014459077381"
"RF_100_3_10","0.521778335194465","0.399707452876984","7.53046308844718","0.626992082944289","73.1612116933579"
"RF_100_3_15","0.516515734234845","0.397867857923327","7.5048918742984","0.624106443801297","74.4435692117902"
"RF_100_3_20","0.526492730139142","0.407268392456223","7.65405461892959","0.638852380323486","75.6249250524699"
"RF_100_4_5","0.512057827036329","0.3821375","7.22416871279762","0.59943137254902","71.7970979662698"
"RF_100_4_10","0.52151172719206","0.395508891369048","7.45286467338672","0.62040610410831","73.1802031840514"
"RF_100_4_15","0.522953081979839","0.399660151480464","7.52217893428496","0.626917884675238","74.9084204768859"
"RF_100_4_20","0.521435718754863","0.407105540618437","7.6439804667019","0.638596926460294","71.9779397356846"
"RF_100_5_5","0.516954633375841","0.383324479166667","7.23424125744048","0.601293300653595","71.379714781746"
"RF_100_5_10","0.519180179542762","0.392478571428572","7.39600456024424","0.615652661064426","71.5206134908825"
"RF_100_5_15","0.519698485652796","0.397042059936591","7.45679111636338","0.622811074410339","70.0915582724567"
"RF_100_5_20","0.522741820430595","0.402686747931694","7.57570104338904","0.631665486951677","73.224129111531"
"RF_100_6_5","0.510864237442025","0.37929375","7.16106237599206","0.594970588235294","70.5576292162698"
"RF_100_6_10","0.515431104922303","0.386821651785714","7.29187181860592","0.60677906162465","70.6759814106198"
"RF_100_6_15","0.52332350219046","0.399860429674492","7.53050736198532","0.627232046548223","71.7577432688013"
"RF_100_6_20","0.524082387534914","0.398611484093392","7.50302516549905","0.625272916224929","70.570798264591"
"RF_100_7_5","0.511623620780235","0.379459375","7.16570709325397","0.595230392156863","69.3889050099206"
"RF_100_7_10","0.511409829806765","0.386074789186508","7.27105443505527","0.605607512449424","69.2586578266723"
"RF_100_7_15","0.514628889980015","0.391158837950244","7.37440176183563","0.613582490902344","70.3699669234535"
"RF_100_7_20","0.530612439829298","0.402517036579154","7.56708650988504","0.63139927306534","74.5950345193914"
"RF_100_8_5","0.509154170519735","0.377265104166667","7.12997073412699","0.591788398692811","67.855564484127"
"RF_100_8_10","0.518864812046079","0.38821613343254","7.31934050807823","0.608966483815748","69.5409270656179"
"RF_100_8_15","0.519044683997245","0.392322157790126","7.39252447923067","0.615407306337453","70.9436262257914"
"RF_100_8_20","0.527094426761137","0.401266648076618","7.54620032612407","0.629437879335872","73.2669825467492"
"RF_100_9_5","0.50941138332911","0.376205208333333","7.0937306547619","0.590125816993464","67.5328487103175"
"RF_100_9_10","0.515935773022334","0.389863343253968","7.35921653557256","0.611550342359166","69.4561876830593"
"RF_100_9_15","0.521158358435774","0.395365076503358","7.44276986542723","0.62018051216213","70.7861829951216"
"RF_100_9_20","0.522415418992886","0.396501361459828","7.43626589707744","0.621962919936986","67.8710555645366"
"RF_100_10_5","0.50403357110277","0.3746","7.08553515625","0.587607843137255","66.6637517361111"
"RF_100_10_10","0.519032485775546","0.385547085813492","7.28366209904101","0.604779742452537","72.0380471643519"
"RF_100_10_15","0.519331295461006","0.394228141216422","7.42416283616144","0.618397084261055","70.3461281682108"
"RF_100_10_20","0.525404111882897","0.399259573112539","7.5029713716108","0.626289526451041","71.570772516062"
"RF_100_11_5","0.511040213511998","0.377225","7.12015773809524","0.591725490196078","67.5130049603175"
"RF_100_11_10","0.512100980324978","0.379662748015873","7.17031255019369","0.59554940865235","69.4348871409675"
"RF_100_11_15","0.514150034786457","0.389490672088328","7.32631072031267","0.610965760138554","68.523683384324"
"RF_100_11_20","0.519523681796314","0.393584974672435","7.40973543736621","0.617388195564604","71.655442466854"
"RF_200_2_5","0.510047937306578","0.385442708333333","7.28673173983135","0.604616013071895","73.9795657242064"
"RF_200_2_10","0.515280464247291","0.394880902777778","7.44564202156557","0.619421023965142","74.1290073902825"
"RF_200_2_15","0.523119951028111","0.404254062560703","7.61334173220236","0.634124019703064","74.7520044118621"
"RF_200_2_20","0.531452632893714","0.415221194797379","7.82020509568352","0.651327364388046","76.6921357699948"
"RF_200_3_5","0.509259323585591","0.384284635416667","7.24730648561508","0.602799428104575","69.4805907738095"
"RF_200_3_10","0.516474476862138","0.394213045634921","7.43626792726639","0.618373404917523","74.324745207979"
"RF_200_3_15","0.519936158663887","0.399400873518842","7.52499930793207","0.626511174147204","74.4285796489597"
"RF_200_3_20","0.52845349123985","0.408824785413232","7.69038714403821","0.641293781040364","75.2897197953465"
"RF_200_4_5","0.50944865918935","0.381563802083333","7.20338947792659","0.598531454248366","71.0976262400794"
"RF_200_4_10","0.518065139545959","0.393864527529762","7.42155657050146","0.617826709850607","72.0030338512141"
"RF_200_4_15","0.521862578120464","0.398669335048632","7.50449165002388","0.625363662821384","72.3212745548722"
"RF_200_4_20","0.52006100364305","0.403036029765285","7.58061265834168","0.632213380023976","72.1818060801415"
"RF_200_5_5","0.5090188911135","0.379594791666667","7.16429104662699","0.595442810457516","69.3794334077381"
"RF_200_5_10","0.517262606363622","0.390226804315476","7.35800226535927","0.61212047735761","70.4802682882181"
"RF_200_5_15","0.518894293615718","0.395368700830419","7.43330073295586","0.62018619738105","71.8043241567254"
"RF_200_5_20","0.523430470458942","0.402100133251547","7.55831948465441","0.63074530706125","71.089184213221"
"RF_200_6_5","0.507546796812729","0.3759609375","7.09985695684524","0.589742647058824","68.9090943700397"
"RF_200_6_10","0.515500936593286","0.387746595982143","7.31584650843844","0.608229954481793","68.5174656025605"
"RF_200_6_15","0.522867819522505","0.400003675231019","7.52534818423351","0.627456745460422","71.9695642421195"
"RF_200_6_20","0.521974777705754","0.398161655268724","7.49047317058169","0.624567302382312","71.9248733374202"
"RF_200_7_5","0.509664381501036","0.3778203125","7.14107552083333","0.59265931372549","70.3791276041667"
"RF_200_7_10","0.510914114367199","0.383566375248016","7.23154202761834","0.601672745487084","68.642251730206"
"RF_200_7_15","0.517236011668244","0.392106628744519","7.38984294197143","0.61506922156003","70.3813469396014"
"RF_200_7_20","0.525346024115035","0.40078722482274","7.53556997918395","0.6286858428592","73.8952871164557"
"RF_200_8_5","0.505287692306599","0.373859375","7.06280930679564","0.586446078431373","68.1252053571428"
"RF_200_8_10","0.516118856762592","0.387779005456349","7.30753026457979","0.608280792872705","70.3567529053288"
"RF_200_8_15","0.51543769274285","0.38966241054952","7.33454992955746","0.611235153803169","68.5344679927587"
"RF_200_8_20","0.525682676309516","0.400686407086796","7.53274241318852","0.628527697391053","72.3802272888168"
"RF_200_9_5","0.505161498409","0.37345703125","7.04994587053571","0.585814950980392","66.080494047619"
"RF_200_9_10","0.517432395707164","0.3886734375","7.3384214092321","0.609683823529412","69.2009000436981"
"RF_200_9_15","0.520481676556899","0.39450138060724","7.41970337360432","0.618825695070181","69.3727383975358"
"RF_200_9_20","0.521230930056321","0.39678375540002","7.45593713115236","0.62240589082356","70.4187458772471"
"RF_200_10_5","0.506422589172111","0.376870052083333","7.12294525049603","0.591168709150327","67.7749048859127"
"RF_200_10_10","0.514890660753085","0.385390420386905","7.28138654897723","0.604533992763772","71.5529423008787"
"RF_200_10_15","0.513989128033449","0.390560046550672","7.3554832085026","0.612643210275563","67.9158775935952"
"RF_200_10_20","0.521046319059221","0.394578970304748","7.41823827037245","0.618947404399604","70.2345100435784"
"RF_200_11_5","0.507388416680894","0.374594791666667","7.07351351686508","0.587599673202615","67.2803303571429"
"RF_200_11_10","0.51354950072206","0.38191041046627","7.20915024594908","0.59907515367258","69.9071721230159"
"RF_200_11_15","0.516929109818104","0.390571370166292","7.35267499997522","0.61266097280987","69.6809540169652"
"RF_200_11_20","0.517425081366834","0.392526824348937","7.38683795204212","0.615728351919901","70.124477969123"
"RF_300_2_5","0.508452019225563","0.384233506944445","7.26534412202381","0.602719226579521","72.9023536706349"
"RF_300_2_10","0.515765569183347","0.394897933201058","7.45439864024314","0.619447738354601","75.6279880361867"
"RF_300_2_15","0.522382196240701","0.40348350448741","7.60517212052786","0.632915301156722","75.0503373984646"
"RF_300_2_20","0.530503360166489","0.413675974217982","7.79157566279327","0.648903488969383","76.5752458219157"
"RF_300_3_5","0.511218530642749","0.386025347222222","7.28693960813492","0.605529956427015","70.4769723048942"
"RF_300_3_10","0.514981058999391","0.393182320601852","7.41764249594514","0.616756581336238","74.1419354646951"
"RF_300_3_15","0.519043065532531","0.400816751015189","7.55151365181267","0.628732158455198","73.8175942700515"
"RF_300_3_20","0.527804984243507","0.407757545927549","7.67343169404394","0.639619679886351","76.0640517797304"
"RF_300_4_5","0.508071359606646","0.380141840277778","7.17963884755291","0.596300925925926","70.2864695767196"
"RF_300_4_10","0.51710828806111","0.393896994874339","7.4231220656376","0.61787763901857","73.0374428224994"
"RF_300_4_15","0.520283010916216","0.39868148957524","7.50300813620559","0.625382728745474","72.141913989491"
"RF_300_4_20","0.521380726427013","0.403429654735001","7.58768891955014","0.632830830956864","73.2341654411266"
"RF_300_5_5","0.507003764185384","0.376371180555556","7.10961799355159","0.590386165577342","67.3103345734127"
"RF_300_5_10","0.517667778526637","0.390834478339947","7.3690635791643","0.613073691513643","70.5969728914714"
"RF_300_5_15","0.517839802469605","0.395153041807729","7.43167547722133","0.619847908718007","72.8644937369179"
"RF_300_5_20","0.522594167992039","0.400684355843728","7.53761333811405","0.628524479754868","72.0937136020882"
"RF_300_6_5","0.509980316394239","0.378139583333333","7.14312975363756","0.593160130718954","70.0296896494709"
"RF_300_6_10","0.515074947673492","0.387111908895503","7.29962912375598","0.607234366894906","68.129578239166"
"RF_300_6_15","0.520816846317972","0.398577493022024","7.49950111368322","0.625219596897293","71.8147999034833"
"RF_300_6_20","0.521368329606492","0.397906741790488","7.48271094039462","0.624167438102726","72.3517487999405"
"RF_300_7_5","0.507627646516338","0.375493055555556","7.09917772404101","0.58900871459695","69.1500184358466"
"RF_300_7_10","0.512953803795489","0.385004059193122","7.25818957024361","0.603927935989211","69.1155937775573"
"RF_300_7_15","0.517348084252604","0.392954177795584","7.40151638383112","0.616398710267583","70.3238760196621"
"RF_300_7_20","0.524877726657401","0.400882097510172","7.53875976667762","0.628834662761054","73.1305548337863"
"RF_300_8_5","0.505042180906307","0.373970486111111","7.06185939566799","0.58662037037037","67.3429075727513"
"RF_300_8_10","0.515580535230673","0.387213727678571","7.29858757125535","0.607394082633053","71.0820681709026"
"RF_300_8_15","0.515966572560346","0.390435510583167","7.35072494987032","0.612447859738301","69.3979645510051"
"RF_300_8_20","0.526067498709974","0.400644716620194","7.5290516462905","0.628462300580697","72.283195219703"
"RF_300_9_5","0.504585608192872","0.373479513888889","7.04274770585318","0.585850217864924","65.7197229662699"
"RF_300_9_10","0.516599134714296","0.388072623181217","7.32931710108812","0.608741369696027","70.8238954534361"
"RF_300_9_15","0.519044022155491","0.393035184404716","7.39412041314134","0.616525779458378","69.1834423021175"
"RF_300_9_20","0.520880139261119","0.39701902720683","7.4546308002011","0.622774944638164","69.5203470224986"
"RF_300_10_5","0.507618394422139","0.376529166666667","7.11759174520503","0.590633986928105","67.8358936838624"
"RF_300_10_10","0.515470565243803","0.38556357473545","7.27985183069177","0.604805607428156","70.8162070066453"
"RF_300_10_15","0.516011092338774","0.391392654394217","7.37045730573921","0.61394926179485","68.2400088454177"
"RF_300_10_20","0.521119364353664","0.394573811198808","7.4250172723934","0.618939311684404","70.5558570204443"
"RF_300_11_5","0.508457879418489","0.376396875","7.10196984540344","0.590426470588235","68.0879977678572"
"RF_300_11_10","0.513726107350291","0.382293989748677","7.21269351979797","0.599676846664592","68.2245151722726"
"RF_300_11_15","0.516229255189371","0.390631994336682","7.35566594850049","0.612756069547736","69.7827718147841"
"RF_300_11_20","0.520444384219333","0.394959632103944","7.42905781876428","0.619544520947364","69.6064953485446"
"RF_400_2_5","0.508970668160924","0.3842703125","7.26957335069445","0.602776960784314","74.5901497395834"
"RF_400_2_10","0.51596935602447","0.395717404513889","7.46866550925926","0.620733183551199","74.8260204199736"
"RF_400_2_15","0.52242516525934","0.403617037107857","7.60908989058333","0.633124764090757","75.0908786716445"
"RF_400_2_20","0.530829897748164","0.414033114117377","7.79352802571889","0.649463708419414","76.3943505845253"
"RF_400_3_5","0.510923330015029","0.38560234375","7.27880648561508","0.604866421568628","71.3348307911707"
"RF_400_3_10","0.514433255071668","0.392410277157738","7.40247017978198","0.615545532796452","74.0236368206137"
"RF_400_3_15","0.519868257731247","0.400971676218747","7.54873103190109","0.628975178382348","74.7730078684543"
"RF_400_3_20","0.526403548754828","0.407270246877836","7.66582623051857","0.638855289220135","74.796535863837"
"RF_400_4_5","0.507173434914214","0.380298828125","7.17478180803571","0.596547181372549","69.346154203869"
"RF_400_4_10","0.516495573746797","0.392006578621032","7.38869753135629","0.614912280189854","72.1609179554634"
"RF_400_4_15","0.519852457731634","0.398483526824738","7.49991801860817","0.625072198940765","71.4300273545486"
"RF_400_4_20","0.522060323495261","0.403819231258601","7.59683094453956","0.633441931386041","72.4824480367138"
"RF_400_5_5","0.507991338578257","0.377490234375","7.1298089812748","0.592141544117647","67.0926042286706"
"RF_400_5_10","0.518619511709199","0.391896577380952","7.38936659883137","0.614739729225024","70.7272773983725"
"RF_400_5_15","0.517358990319013","0.39471359506379","7.42318976221571","0.61915858049222","72.6912272647161"
"RF_400_5_20","0.52331240395782","0.40066760973415","7.5379035021832","0.628498211347686","73.2643481101946"
"RF_400_6_5","0.51107996546342","0.380052083333333","7.17659567212301","0.596160130718954","69.9634893353174"
"RF_400_6_10","0.51583135604932","0.388532893105159","7.32711314653899","0.609463361733582","69.3326262371268"
"RF_400_6_15","0.519188556921057","0.396522453804876","7.45591108454676","0.621996005968433","71.3496230905855"
"RF_400_6_20","0.521139227995186","0.397106324362477","7.46677101294299","0.622911881352904","72.1782313937703"
"RF_400_7_5","0.506613918468559","0.375462630208333","7.09144759114584","0.588960988562092","68.7236102430556"
"RF_400_7_10","0.512185593737772","0.38392205171131","7.23967268142066","0.602230669351074","69.8699251951648"
"RF_400_7_15","0.518507805607636","0.393178419995803","7.40619983123792","0.616750462738514","70.3728056083095"
"RF_400_7_20","0.525636891568977","0.401960485709291","7.55960937973663","0.630526252093006","74.086719599311"
"RF_400_8_5","0.504300258111124","0.372826171875","7.03972042410714","0.584825367647059","68.108144469246"
"RF_400_8_10","0.513554987704806","0.385238581969246","7.26218152842734","0.604295814853719","70.9007517685893"
"RF_400_8_15","0.515249120603194","0.389831125601829","7.33830294891637","0.611499804865614","70.0455491742261"
"RF_400_8_20","0.524082087346632","0.398404476263619","7.4878064145312","0.624948198060579","70.1741337005013"
"RF_400_9_5","0.504913718091531","0.373043229166667","7.03871754092262","0.585165849673203","66.7462173239087"
"RF_400_9_10","0.515712367308814","0.388014803447421","7.32070779928725","0.608650672074385","69.1379430965963"
"RF_400_9_15","0.519576156100012","0.393121737702402","7.39802430671697","0.616661549337101","70.8691040419773"
"RF_400_9_20","0.521240797393265","0.396966016581995","7.45812863749245","0.622691790716854","71.2846329371933"
"RF_400_10_5","0.506658707539468","0.375607942708333","7.09757843501984","0.589188929738562","66.8728201884921"
"RF_400_10_10","0.512663132579862","0.382831507316468","7.22738839322622","0.600520011476813","69.0782835987694"
"RF_400_10_15","0.51631313237611","0.390628656868305","7.35917444898541","0.612750834303224","69.2418588952899"
"RF_400_10_20","0.521459076769995","0.395238401595912","7.43358070726545","0.619981806424959","70.5269127415339"
"RF_400_11_5","0.50649230348397","0.374366536458333","7.06450818452381","0.587241625816994","66.3983324032738"
"RF_400_11_10","0.512486182856275","0.381032192460318","7.18878530240221","0.597697556800498","67.4173590044525"
"RF_400_11_15","0.516266240017125","0.390118244407502","7.34914245288855","0.611950187305886","69.9354807028186"
"RF_400_11_20","0.518128403458929","0.393376503641972","7.39641368860802","0.617061182183486","69.2338998696038"
"RF_500_2_5","0.508538697826921","0.383873958333333","7.26119296875","0.60215522875817","72.8812545138889"
"RF_500_2_10","0.515134338532788","0.394997889384921","7.45594819125567","0.619604532368503","75.805142656368"
"RF_500_2_15","0.522397257124504","0.403712808580308","7.60864709268492","0.633274993851464","74.9963239811032"
"RF_500_2_20","0.529244376922427","0.412785882771151","7.76941687559745","0.647507267092002","77.016851323265"
"RF_500_3_5","0.509655170437299","0.3842140625","7.2572574156746","0.602688725490196","70.3508339781746"
"RF_500_3_10","0.513813357531525","0.392240600198413","7.39725987014598","0.615279372860255","73.8576295729403"
"RF_500_3_15","0.520558015151537","0.400697992771118","7.54238802307563","0.628545871013518","74.7941023230407"
"RF_500_3_20","0.525990655086432","0.40666389772978","7.65537951835265","0.637904153301616","75.8271858428073"
"RF_500_4_5","0.507837393348829","0.38052375","7.18121790674603","0.5969","70.1536734623016"
"RF_500_4_10","0.516428269917919","0.392078100198412","7.3920860623937","0.615024470899471","72.2376725021258"
"RF_500_4_15","0.519865869737945","0.398654774531025","7.50393666461267","0.625340822793764","72.0739956184771"
"RF_500_4_20","0.522040150084898","0.403887199365929","7.59596185816271","0.633548548024987","72.4184952914483"
"RF_500_5_5","0.507912738007776","0.377806666666667","7.1365558655754","0.592637908496732","66.5926743551587"
"RF_500_5_10","0.517925819794443","0.391427586805556","7.38042615475009","0.614004057734205","70.5878445223923"
"RF_500_5_15","0.517946441116301","0.395479292807886","7.43623806468209","0.620359674992763","71.8849483422662"
"RF_500_5_20","0.522016762341919","0.400514101660052","7.53049936036799","0.628257414368709","72.0115441760551"
"RF_500_6_5","0.510893736572924","0.38006125","7.17977429315476","0.596174509803922","69.4839766369047"
"RF_500_6_10","0.515108622192654","0.38868314484127","7.32567963553477","0.609699050731404","68.2079515849395"
"RF_500_6_15","0.51867913701482","0.395937217591436","7.44729807267592","0.621077988378723","71.3500661230717"
"RF_500_6_20","0.522480515686931","0.398320801342218","7.49057920080504","0.62481694328191","72.3717468118126"
"RF_500_7_5","0.505314271415159","0.3748675","7.08149792906746","0.588027450980392","67.6788757936508"
"RF_500_7_10","0.513229901459222","0.384767996031746","7.25744888274754","0.603557640834111","69.1860179469009"
"RF_500_7_15","0.518104113013391","0.392706722808441","7.39806655792537","0.616010545581869","70.3683022395181"
"RF_500_7_20","0.525171604135686","0.402477708491763","7.567040756327","0.631337581947864","74.0121931829847"
"RF_500_8_5","0.504148943996354","0.3716740625","7.02169761904762","0.583018137254902","68.1674122023809"
"RF_500_8_10","0.513129724393859","0.385463628472222","7.26389786411092","0.604648828976035","70.0913523821334"
"RF_500_8_15","0.516715139715886","0.391243526889777","7.36278317742525","0.613715336297689","69.012729060275"
"RF_500_8_20","0.523541485066885","0.398741079335665","7.49311931210963","0.625476202879474","70.120013194431"
"RF_500_9_5","0.506496986119283","0.3740509375","7.05755238095238","0.586746568627451","67.0352839781746"
"RF_500_9_10","0.51621624918947","0.388335550595238","7.32644521004582","0.609153804855275","69.1176847871788"
"RF_500_9_15","0.520066627497101","0.392947290019009","7.39636349822259","0.616387905912171","70.2027978028503"
"RF_500_9_20","0.521751356192507","0.397238825619765","7.46253925919472","0.623119726462377","71.2586657289222"
"RF_500_10_5","0.506903321537171","0.3760584375","7.10394347718254","0.589895588235294","66.9449339285714"
"RF_500_10_10","0.511340168553828","0.382578851686508","7.21858462301587","0.600123688920013","68.8374616650132"
"RF_500_10_15","0.515322641154037","0.389716069347319","7.34008529729405","0.611319324466383","69.7089153710541"
"RF_500_10_20","0.521410219548654","0.39482679630424","7.42560392330951","0.619336151065474","71.1117336407227"
"RF_500_11_5","0.50633043921984","0.373869166666667","7.060084375","0.586461437908497","67.3188034722222"
"RF_500_11_10","0.511884541549043","0.381412599206349","7.19377638032644","0.598294273264862","68.0024794205877"
"RF_500_11_15","0.515522730781332","0.389291063034188","7.33502333814912","0.610652647896765","69.8864957892801"
"RF_500_11_20","0.517509499983291","0.393204710143523","7.39256342384157","0.616791702185919","69.099476485651"
"RF_600_2_5","0.508024145059794","0.384190104166667","7.26406212797619","0.60265114379085","73.0236362020503"
"RF_600_2_10","0.514376580508313","0.394668599123677","7.44716566599151","0.619087998625376","74.7269299561839"
"RF_600_2_15","0.522414088451805","0.403677019479363","7.60697014835844","0.633218854085275","74.947458887508"
"RF_600_2_20","0.52844351960589","0.41230918553243","7.75964431823567","0.646759506717537","76.0609305125501"
"RF_600_3_5","0.510051424441542","0.384649652777778","7.26642600859788","0.603372004357298","71.4255148396164"
"RF_600_3_10","0.514382054580009","0.392592935681217","7.40213529315083","0.615832055970537","73.8883904015889"
"RF_600_3_15","0.519654239778409","0.400425497968467","7.53742474849232","0.62811842818583","74.6905916376048"
"RF_600_3_20","0.525363304675514","0.406300182262545","7.64629478524345","0.637333619235365","74.5865664288652"
"RF_600_4_5","0.507988882290516","0.380736892361111","7.1872761760086","0.597234340958606","70.2380305886243"
"RF_600_4_10","0.515802885698214","0.391713012566137","7.38445998086734","0.61445178441747","71.2337353611583"
"RF_600_4_15","0.520011590595749","0.398516740377678","7.50298514960913","0.625124298631652","72.0932241626938"
"RF_600_4_20","0.523594131107428","0.404731641889515","7.61315403280956","0.634873163748259","72.6750824917289"
"RF_600_5_5","0.507613221882088","0.377917534722222","7.13816954985119","0.592811819172113","67.4405363756614"
"RF_600_5_10","0.516432659263552","0.39024644510582","7.35542397895212","0.612151286440502","70.9563063832593"
"RF_600_5_15","0.517572642919924","0.395283659714128","7.43366419877245","0.620052799551574","72.7481780525884"
"RF_600_5_20","0.520883247709601","0.399738214193004","7.51496397356252","0.627040335989026","71.7838306523579"
"RF_600_6_5","0.5111982604478","0.380849565972222","7.19402878017526","0.597411083877996","69.530658192791"
"RF_600_6_10","0.515035066432188","0.389108790095899","7.33332469854261","0.610366729562195","68.2170795520754"
"RF_600_6_15","0.51853406820237","0.395595044307544","7.44010045430381","0.620541245972618","70.3737182581459"
"RF_600_6_20","0.522352280626299","0.399046744890109","7.5006087166408","0.625955678258995","71.344624697315"
"RF_600_7_5","0.505400707727378","0.374896875","7.08024261119378","0.588073529411765","67.5569842923281"
"RF_600_7_10","0.512810992550763","0.38449068287037","7.25170255490796","0.603122639796659","69.1180902019951"
"RF_600_7_15","0.518167435467577","0.392733378239237","7.39551125421405","0.616052358022333","69.3597468692091"
"RF_600_7_20","0.52491086532666","0.401965150452958","7.55746388501677","0.630533569337973","73.021451475913"
"RF_600_8_5","0.504360810561666","0.372351822916667","7.0348468708664","0.584081290849673","68.2569578373016"
"RF_600_8_10","0.513766668182037","0.38577181712963","7.27023121648833","0.605132262164125","68.4011325940098"
"RF_600_8_15","0.516705793897214","0.391546684550981","7.36631076092083","0.61419087772703","69.1737705600795"
"RF_600_8_20","0.523550255936551","0.398269768564889","7.48442042445142","0.624736891866493","71.0678458000893"
"RF_600_9_5","0.507643850064582","0.374761024305556","7.06943078290344","0.587860430283225","67.079007895172"
"RF_600_9_10","0.515490351023527","0.387804592427249","7.31273905064051","0.608320929297645","69.493106649778"
"RF_600_9_15","0.519320032677163","0.391868396924256","7.37733865337223","0.614695524587069","70.7989996486992"
"RF_600_9_20","0.522497534175477","0.398097249894413","7.4797848060689","0.624466274344178","71.3538529331066"
"RF_600_10_5","0.506740715546171","0.3758921875","7.10052697172619","0.589634803921569","66.8275815145503"
"RF_600_10_10","0.511525322419487","0.382505119460979","7.21700344097419","0.600008030527026","68.8336254045021"
"RF_600_10_15","0.515953812941207","0.390508924076502","7.35153296775046","0.612563018159219","68.7599801346002"
"RF_600_10_20","0.521192463682821","0.395102908675611","7.4297009479381","0.619769268510762","71.7525188154882"
"RF_600_11_5","0.505864016114488","0.374156684027778","7.06614035631614","0.586912445533769","66.6308667741402"
"RF_600_11_10","0.511746580035685","0.381130931712963","7.1884524328684","0.597852441902687","67.9902197646999"
"RF_600_11_15","0.515379709700103","0.388877447899323","7.32552355839879","0.610003839842075","69.7946040496788"
"RF_600_11_20","0.517345956719855","0.393336660891599","7.39506267616747","0.616998683751528","69.7621048857518"
"RF_700_2_5","0.508594468015226","0.384133726615646","7.26294541879252","0.6025627084167","73.0270308602608"
"RF_700_2_10","0.514268777897169","0.394502101048753","7.44577378295068","0.618826825174514","75.6192404277683"
"RF_700_2_15","0.522067390101063","0.403273280353079","7.60147865110695","0.632585537808752","74.9944461888498"
"RF_700_2_20","0.529073109802123","0.412332798705932","7.76141151156803","0.646796546989698","77.0576072878561"
"RF_700_3_5","0.509929413728204","0.38414337797619","7.25484803713152","0.602577847805789","71.3493711026077"
"RF_700_3_10","0.514446058050158","0.392873017644558","7.4059309828346","0.616271400226757","72.8753447294096"
"RF_700_3_15","0.519897871026211","0.400628819209065","7.54213966684829","0.6284373634652","74.7416539325305"
"RF_700_3_20","0.52560771707122","0.405999336888632","7.64031283122693","0.636861704923345","74.5703870536631"
"RF_700_4_5","0.507294409711605","0.380163616071428","7.17864073129252","0.596335084033613","70.2512044713718"
"RF_700_4_10","0.51467586759466","0.390753112599206","7.36653286589933","0.612946058979147","72.0851837097438"
"RF_700_4_15","0.519781308682326","0.398692323896342","7.50509884749103","0.625399723758968","72.056658313519"
"RF_700_4_20","0.52359299553743","0.404553508174889","7.60934758850545","0.634593738313552","72.6857966453945"
"RF_700_5_5","0.508423482985345","0.378385193452381","7.14713769309807","0.593545401493931","68.4391047689909"
"RF_700_5_10","0.516213496018663","0.389998005243764","7.35222491475509","0.611761576852964","70.9777474886284"
"RF_700_5_15","0.517707957422775","0.395041159522521","7.43111743702017","0.61967240709415","72.1615157477868"
"RF_700_5_20","0.520856594914172","0.399130127838769","7.50372305017337","0.626086475041206","71.6200310494327"
"RF_700_6_5","0.509607175532525","0.379594568452381","7.17053351757369","0.59544246031746","69.292185303288"
"RF_700_6_10","0.515512108862703","0.389523722718254","7.33907746784229","0.611017604263928","69.2318500609073"
"RF_700_6_15","0.518548037684667","0.395233920060594","7.43451441712459","0.619974776565638","71.2431431321595"
"RF_700_6_20","0.521741055517739","0.399037958640317","7.49799161247276","0.62594189590638","71.2112799616239"
"RF_700_7_5","0.505623053551215","0.374811458333333","7.07924890164399","0.58793954248366","67.5922999929138"
"RF_700_7_10","0.513147953894681","0.384958974631519","7.26175039480078","0.603857215108266","69.2837330336896"
"RF_700_7_15","0.518291771566298","0.392963018727304","7.40088228737467","0.616412578395771","70.3311691793538"
"RF_700_7_20","0.524746017359974","0.401684475718137","7.55348734214066","0.630093295244137","73.0188547112902"
"RF_700_8_5","0.504644185345973","0.373369419642857","7.05097632334184","0.585677521008403","68.2917872732426"
"RF_700_8_10","0.514181221766559","0.386342424886621","7.28222817945382","0.606027333155484","70.1142924908554"
"RF_700_8_15","0.517705038991692","0.392387705449313","7.38136912503183","0.615510126195","69.0130609288257"
"RF_700_8_20","0.52260635612033","0.398261440986862","7.48252366995308","0.624723828998999","70.0764277354576"
"RF_700_9_5","0.507808589119774","0.3753625","7.0828344848356","0.588803921568627","67.1836674461452"
"RF_700_9_10","0.515234384740728","0.387139535501701","7.29973085638025","0.607277702747766","69.4409250291882"
"RF_700_9_15","0.51844211121399","0.391542509536594","7.37429222656064","0.614184328684854","70.76602146795"
"RF_700_9_20","0.522129677330749","0.397648018926163","7.47361101107508","0.62376159831555","71.4016409584961"
"RF_700_10_5","0.506309549565152","0.375159523809524","7.08763274163832","0.588485527544351","66.7609701672336"
"RF_700_10_10","0.511335955529921","0.382622633219955","7.21675965975428","0.600192365835223","69.3807041972047"
"RF_700_10_15","0.516425702529898","0.390739667710761","7.35499552157675","0.612924968958056","69.4804865852625"
"RF_700_10_20","0.520425275620835","0.395125202521622","7.42845537818154","0.619804239249603","70.0114637129976"
"RF_700_11_5","0.507327817566749","0.375369196428571","7.08830192389456","0.588814425770308","67.5469109268708"
"RF_700_11_10","0.5113663491042","0.380655746882086","7.17796182854342","0.597107053932684","67.9429314185496"
"RF_700_11_15","0.515926582862367","0.389495826569264","7.33552249427189","0.610973845598845","69.0738564667746"
"RF_700_11_20","0.517557225188553","0.393494314336024","7.3976685574009","0.617245983272194","69.0473355612643"
"RF_800_2_5","0.508700074477562","0.384144438244048","7.26541453528026","0.602579510971055","73.1565298239087"
"RF_800_2_10","0.513860199991043","0.394252886284722","7.44086205556441","0.618435900054466","74.703498606387"
"RF_800_2_15","0.521602214546008","0.403093547153801","7.59863426162853","0.632303603378511","74.9324594997945"
"RF_800_2_20","0.528650793097495","0.411324040944083","7.7452777398555","0.645214181873072","77.0014463171065"
"RF_800_3_5","0.510459411142011","0.383930143229167","7.25078230406746","0.602243361928104","71.3498074776785"
"RF_800_3_10","0.51466391146857","0.392858272879464","7.40522821649276","0.616248271183473","72.8433168498736"
"RF_800_3_15","0.520705617564763","0.401277710646558","7.55241798570534","0.629455232386758","74.7198095245683"
"RF_800_3_20","0.524872784576982","0.405446456727732","7.63040913411583","0.635994441925855","74.4892286282229"
"RF_800_4_5","0.507457830313991","0.380473177083333","7.18491214812748","0.59682066993464","70.3758271329365"
"RF_800_4_10","0.51412970812375","0.389994210379464","7.35289167113243","0.61175562412465","71.9683833070555"
"RF_800_4_15","0.518506776713948","0.397510159144241","7.48414402812847","0.623545347677241","71.8753194048893"
"RF_800_4_20","0.523506037718288","0.404327546822544","7.60372794543363","0.634239289133402","72.5890720725974"
"RF_800_5_5","0.507986996288187","0.378023567708333","7.14100434027778","0.592978145424836","68.4631256510416"
"RF_800_5_10","0.514605052992124","0.389184401351686","7.33717092390341","0.610485335453626","70.1121937646152"
"RF_800_5_15","0.517462184979835","0.394848965411758","7.42829887464087","0.619370926136091","72.8963467309187"
"RF_800_5_20","0.521181541023083","0.399730019886019","7.51446593984302","0.627027482174147","72.5728881322341"
"RF_800_6_5","0.508827137712131","0.379657356770833","7.16942376612103","0.595540951797386","69.1461212487599"
"RF_800_6_10","0.515150188403689","0.389243759300595","7.33307912370677","0.610578445961718","68.2268603840407"
"RF_800_6_15","0.517679780589588","0.395017632237554","7.43076677124623","0.619635501549104","71.1616657580287"
"RF_800_6_20","0.521787886043648","0.399139860124557","7.49886839746421","0.626101741371854","71.4290212676939"
"RF_800_7_5","0.505733765606771","0.3751703125","7.08544571552579","0.588502450980392","66.7052371651786"
"RF_800_7_10","0.512841390131809","0.384841124131944","7.25676206641511","0.603672351579521","69.1847113213341"
"RF_800_7_15","0.518266728826349","0.392837408023834","7.3999773930161","0.61621554199817","71.2070184240879"
"RF_800_7_20","0.524334232184283","0.401504619635798","7.54894218470058","0.629811168056154","72.9073966559224"
"RF_800_8_5","0.505363998770983","0.373795572916667","7.06091349671379","0.586345996732026","69.3036491195436"
"RF_800_8_10","0.514353522125634","0.386237761966766","7.28122768410749","0.605863156026299","71.0952971983063"
"RF_800_8_15","0.517648912763992","0.392842248105627","7.39079077500346","0.616223134283337","69.0068472294901"
"RF_800_8_20","0.522651577804987","0.398626651375531","7.49026335768994","0.625296708040049","71.0683975217474"
"RF_800_9_5","0.507526878675262","0.3754583984375","7.08506890190972","0.588954350490196","67.2435766059028"
"RF_800_9_10","0.515484272843079","0.386886509486607","7.29555058453503","0.606880799194678","69.4559582373748"
"RF_800_9_15","0.518747162678912","0.391833878122745","7.38185135321596","0.614641377447443","70.9688264114513"
"RF_800_9_20","0.521821619919632","0.397843233406845","7.47978890815521","0.624067817108777","71.5095337397522"
"RF_800_10_5","0.505470282051334","0.374789388020833","7.08001343936012","0.587904922385621","66.6041769593254"
"RF_800_10_10","0.511152582620715","0.382730338541667","7.21678466870689","0.600361315359477","69.3073139164954"
"RF_800_10_15","0.51581245070769","0.390570743590177","7.35085312522892","0.612659989945375","68.9881573964693"
"RF_800_10_20","0.5200208449803","0.394872053783551","7.42352754289754","0.619407143189884","69.9743821170855"
"RF_800_11_5","0.5069219611246","0.375134049479167","7.08149488467262","0.588445567810458","67.4386316034226"
"RF_800_11_10","0.511041762314414","0.381057778397818","7.18244979007228","0.59773769160442","67.9095161653203"
"RF_800_11_15","0.516392848514863","0.389643564302451","7.33855060804202","0.611205591062668","69.7681190828072"
"RF_800_11_20","0.517570233558255","0.393527130786257","7.39654123171717","0.617297460056873","68.9757027951842"
"RF_900_2_5","0.509027261502424","0.384682903439153","7.27505517664241","0.603424162257496","73.1389558807319"
"RF_900_2_10","0.514823657706058","0.395120129243827","7.457368653615","0.619796281166788","74.9140128679558"
"RF_900_2_15","0.522576345133826","0.403794782464834","7.61347845956172","0.633403580336995","76.0228923813362"
"RF_900_2_20","0.528600783397696","0.411180306470628","7.74386799955443","0.644988716032357","76.9972292557262"
"RF_900_3_5","0.509983031667041","0.383692361111111","7.24614691495811","0.60187037037037","71.3003425650353"
"RF_900_3_10","0.514554845310502","0.392766953262787","7.40383965429343","0.61610502472594","73.7838668751837"
"RF_900_3_15","0.52093185678559","0.401368888682691","7.55466598646752","0.629598256757163","74.7609356427854"
"RF_900_3_20","0.524845239312451","0.405317892420121","7.62893625337691","0.63579277242372","74.4599992706997"
"RF_900_4_5","0.507750723695181","0.38012349537037","7.17812914737654","0.596272149600581","70.3803416280864"
"RF_900_4_10","0.514416168681442","0.39025804122575","7.35801623897051","0.612169476432548","72.0570440661218"
"RF_900_4_15","0.518733752456869","0.397649191077056","7.48562097380156","0.623763436983617","71.8738747466892"
"RF_900_4_20","0.523559195133308","0.404585318234746","7.60836700563997","0.63464363644666","72.630461311232"
"RF_900_5_5","0.507504484617138","0.377699131944444","7.13541871279762","0.59246922657952","69.3188493165785"
"RF_900_5_10","0.5141480139632","0.388802619323192","7.32985494712931","0.609886461683439","70.7392567397329"
"RF_900_5_15","0.517444782780104","0.394464802992146","7.42169043410201","0.618768318419053","72.9260608105427"
"RF_900_5_20","0.521084368377612","0.399695680858902","7.5140805966217","0.626973617033571","72.5966118730805"
"RF_900_6_5","0.509033678479181","0.379816435185185","7.17190811011905","0.595790486564996","69.163453731261"
"RF_900_6_10","0.514872303223893","0.389103505291005","7.33141639240573","0.610358439672165","68.2110011724983"
"RF_900_6_15","0.517727588630876","0.395193528250299","7.43349651937316","0.619911416863214","71.1579134351557"
"RF_900_6_20","0.521655828656168","0.398915152550975","7.49508604252326","0.62574925890349","71.1866502553451"
"RF_900_7_5","0.506549914903128","0.375527025462963","7.09273633156966","0.589062000726216","67.4997237929894"
"RF_900_7_10","0.512482227639429","0.384815525793651","7.25533604772928","0.603632197323374","68.3721344475676"
"RF_900_7_15","0.518264285563228","0.393130775474525","7.40341964143132","0.616675726234549","70.2571551627018"
"RF_900_7_20","0.524107950244174","0.40108959948183","7.54122787026686","0.62916015604993","72.828461840248"
"RF_900_8_5","0.504716215613612","0.373588194444444","7.05497608713624","0.586020697167756","67.3345450011023"
"RF_900_8_10","0.514380590732775","0.386174736827601","7.28085127035961","0.605764293062904","71.1085683428078"
"RF_900_8_15","0.517857708927263","0.392577074083324","7.38713872846478","0.615807175032665","69.0133347451619"
"RF_900_8_20","0.522486003491366","0.398417234099576","7.48707475709822","0.624968210352276","71.083732847087"
"RF_900_9_5","0.507918323811637","0.376174710648148","7.0970582010582","0.590077977487291","67.3232769510582"
"RF_900_9_10","0.514946852478457","0.3861695960097","7.28226424090084","0.605756229034824","69.3460042398904"
"RF_900_9_15","0.519014992731431","0.392368598723807","7.38997464204941","0.615480154860873","71.0204967092633"
"RF_900_9_20","0.522355615309553","0.398054845419223","7.48527049918694","0.624399757520349","71.6881079498082"
"RF_900_10_5","0.505022465362728","0.3742453125","7.07105129794973","0.587051470588235","66.5998988095238"
"RF_900_10_10","0.512063673631511","0.383749103009259","7.23399443850649","0.601959377269426","70.0629793726904"
"RF_900_10_15","0.516386094601935","0.390579432161203","7.35080324957435","0.612673619076396","69.7492483434866"
"RF_900_10_20","0.520040175627547","0.394904190417142","7.42535475035821","0.619457553595517","70.6807595552508"
"RF_900_11_5","0.506550282013914","0.374924131944444","7.07913576802248","0.58811628540305","67.4768702876984"
"RF_900_11_10","0.510637801465404","0.381069292879189","7.18191095245969","0.597755753535982","67.8181052131887"
"RF_900_11_15","0.516031680295025","0.389592787334193","7.33617838975719","0.611125940916381","69.6596310872493"
"RF_900_11_20","0.517540430454142","0.393503793077399","7.3961766866394","0.617260851886116","69.6773038086593"
"RF_1000_2_5","0.508633343980017","0.384151540178571","7.26430099206349","0.602590651260504","73.0053707837302"
"RF_1000_2_10","0.514841893363144","0.394987840735653","7.45297028337176","0.619588769781417","74.8592998124436"
"RF_1000_2_15","0.522680654863542","0.404129768165861","7.62021480476471","0.633929048103312","76.0382616666195"
"RF_1000_2_20","0.528278429715863","0.411114412230316","7.74284170034423","0.644885352518143","76.9806259012115"
"RF_1000_3_5","0.50980415407162","0.3841221875","7.25349905133928","0.602544607843137","71.2522658482143"
"RF_1000_3_10","0.513883820236727","0.39200560515873","7.39049036163077","0.614910753190165","73.7125495092829"
"RF_1000_3_15","0.520820601224592","0.400928413175366","7.54569404635749","0.628907314784888","73.5654851405208"
"RF_1000_3_20","0.524645951910338","0.405508593898106","7.63069676715418","0.63609191199703","74.438991570943"
"RF_1000_4_5","0.507181217605028","0.3798109375","7.17149839409722","0.595781862745098","70.280328125"
"RF_1000_4_10","0.514084634884307","0.389786283482143","7.34888890867111","0.611429464285714","71.9553856699972"
"RF_1000_4_15","0.519249494112534","0.398129411387224","7.49553149667483","0.624516723744665","72.9091672401342"
"RF_1000_4_20","0.523395557085378","0.404507184719721","7.60545282800486","0.634521074070151","73.5180936485678"
"RF_1000_5_5","0.507426205838374","0.377647395833333","7.1333831907242","0.592388071895425","69.288581671627"
"RF_1000_5_10","0.514224190742591","0.389169925595238","7.33734655627008","0.610462628384687","70.8135631619662"
"RF_1000_5_15","0.517505251001814","0.394795311407342","7.42814485991438","0.619286762991909","72.9222897087287"
"RF_1000_5_20","0.520934457109651","0.399474301047129","7.51156111866911","0.626626354583732","72.6417141072735"
"RF_1000_6_5","0.508682024287603","0.379241458333333","7.16187004588293","0.594888562091503","69.1083048115079"
"RF_1000_6_10","0.514618479797312","0.388447467757936","7.31930920862268","0.60932936118892","67.8987895461309"
"RF_1000_6_15","0.517604661006299","0.394685442075285","7.42347316077502","0.619114418941624","70.1600340306271"
"RF_1000_6_20","0.521528187195046","0.398800897389209","7.49337279227392","0.625570035120328","70.5729584713609"
"RF_1000_7_5","0.506743221019758","0.37554703125","7.09225324280754","0.589093382352941","67.4719386160714"
"RF_1000_7_10","0.51266563374618","0.385050662202381","7.25874587791714","0.604001038748833","68.3976712230725"
"RF_1000_7_15","0.51766395358242","0.392998348682567","7.39994780412213","0.616467997933439","70.1796929258696"
"RF_1000_7_20","0.523877872441666","0.400736202087856","7.53523977368086","0.628605807196637","72.8100895764132"
"RF_1000_8_5","0.504702648756135","0.373635104166667","7.05619854910714","0.586094281045752","69.8867029761905"
"RF_1000_8_10","0.513761680019941","0.385899822668651","7.27571755155187","0.605333055166511","71.0344940086451"
"RF_1000_8_15","0.517433120067915","0.392274740103646","7.3809648397217","0.615332925652779","68.9145545354282"
"RF_1000_8_20","0.522017299995049","0.398152051999669","7.48349159300597","0.624552238430854","71.0714072198251"
"RF_1000_9_5","0.50806975753759","0.376776354166666","7.1087611297123","0.591021732026144","67.3661096974206"
"RF_1000_9_10","0.514671452998518","0.385739304315476","7.27332528049415","0.605081261671335","68.5326904466648"
"RF_1000_9_15","0.518868042319166","0.392001263701576","7.38374503407781","0.614903943061295","70.9848126641257"
"RF_1000_9_20","0.52185761694067","0.397715126082839","7.47913935782483","0.623866864443669","71.6258945204167"
"RF_1000_10_5","0.504796264613982","0.37398828125","7.06476690228174","0.586648284313725","66.4845182043651"
"RF_1000_10_10","0.511971020336787","0.383382989831349","7.22797313117087","0.601385082088391","70.0285548327664"
"RF_1000_10_15","0.516138860563314","0.390440954436188","7.34795097910108","0.612456399115589","68.8299874022264"
"RF_1000_10_20","0.520849630326351","0.39578633330986","7.44170243992449","0.620841307152722","70.1248846600952"
"RF_1000_11_5","0.506617779209275","0.375124947916667","7.0848412140377","0.588431290849673","67.5287352678572"
"RF_1000_11_10","0.510110306185639","0.380822471478175","7.17849105371315","0.597368582710862","67.8044407106245"
"RF_1000_11_15","0.516371528370424","0.389626630582958","7.3370933684144","0.611179028365425","69.6857720274145"
"RF_1000_11_20","0.517929388606077","0.393821027713539","7.4021800177957","0.617758474844767","69.7509281625011"
